id,pollution_value
0,20.691445135561803
1,29.72367579189641
2,20.978925688284292
3,33.22894271405935
4,25.029710565573545
5,15.868196847039867
6,16.85540708725357
7,25.93756109213206
8,24.853070905433
9,30.074679671479924
10,19.587947269226916
11,30.107560653571028
12,29.519989201197117
13,25.91532291912381
14,16.47924235688579
15,16.94418009886795
16,15.02636674683243
17,23.5345392802184
18,18.066228559159693
19,30.108990531942396
20,28.548324094669944
21,30.05383759526761
22,25.9359206566137
23,29.93486092811638
24,20.80867559415123
25,25.17240227000972
26,30.508207849744316
27,29.33165457243995
28,25.706983263376955
29,16.713866835307257
30,16.852977644865238
31,43.74872066507125
32,13.729238831507985
33,21.688278884731915
34,15.468215020166877
35,22.880412804018267
36,29.132274419386796
37,16.645561092592715
38,45.98290528600428
39,20.782160273124504
40,14.364306880500251
41,31.68035402290578
42,20.408963496303436
43,27.67737104162081
44,25.47173986011059
45,25.732865224444367
46,30.11697377337715
47,15.350530915674504
48,27.924283654283002
49,16.180797766560428
50,21.858295171639668
51,50.007255379931586
52,30.10916342123156
53,30.516372400423464
54,17.204391641317965
55,21.942191740863667
56,30.053390808358213
57,30.110543171835623
58,15.140128461720602
59,16.456932465223005
60,30.507966587480283
61,16.29943454019134
62,24.347764910920386
63,52.129123096905744
64,12.434744977442298
65,25.936856974040243
66,29.381877792815676
67,43.02988766579163
68,33.011248975674235
69,23.80458498761371
70,15.04161927488147
71,17.110035677360734
72,27.8137534884857
73,17.600071409314666
74,17.775658099613736
75,14.863873165305307
76,21.12127490397816
77,29.174192541526054
78,18.076941340151883
79,30.10757268867776
80,21.749927613826415
81,30.69988731555111
82,15.258333775608335
83,24.427650204630826
84,18.329864036346862
85,27.245211912994456
86,26.929576809013113
87,27.192350197720344
88,14.876281865868762
89,29.599266333143692
90,23.43615961178667
91,29.44898027873495
92,30.081221957051802
93,16.429087438370818
94,19.06414955220505
95,23.85134718353157
96,16.41615460745652
97,25.431760968576466
98,20.669168383815457
99,27.746226287670638
100,26.65808305744858
101,29.448935330700543
102,20.34331297077329
103,23.389831865469095
104,22.978042850474967
105,24.310200034826572
106,27.732531038635734
107,25.93452291733709
108,23.516574722494177
109,17.191696939630123
110,29.02124646951301
111,26.512039775295285
112,23.202266309374508
113,18.197977616426453
114,30.579864851958476
115,18.657963708452513
116,25.66880035292309
117,32.88872943213912
118,26.70136046425777
119,12.165989953795801
120,29.189729498628857
121,19.52268308702768
122,25.123370519098557
123,31.72380030477156
124,24.03709237005931
125,28.868437812558387
126,24.886068417273865
127,30.0206556339511
128,21.535009584677358
129,24.211139687070656
130,43.23061906246895
131,24.68677601352455
132,23.48443726463841
133,17.09262253517775
134,20.803941914501138
135,32.709623086413586
136,16.509220561945146
137,16.243923656112766
138,13.468880520240715
139,18.07633704030846
140,24.63378219726986
141,16.511366705637915
142,23.055706055076115
143,14.041926639978023
144,29.539834885878978
145,17.901149710851023
146,18.33836345199918
147,29.284077418613983
148,23.066026455170093
149,24.428941995862772
150,43.38317058425023
151,15.270201470939538
152,21.72732010163366
153,20.828179692984598
154,14.041501324341809
155,17.451565922816144
156,43.570134414585056
157,12.625218775058972
158,33.1623730510359
159,30.514664213081424
160,20.562484107476045
161,23.192532704772997
162,39.61081892910439
163,23.532013708798782
164,16.926685641977887
165,43.414865767998535
166,23.07954433037669
167,17.06234039813124
168,13.711940948969865
169,17.43498306460707
170,17.154877785727233
171,24.87450888433353
172,43.364712187103365
173,30.04650004440338
174,31.74001184372075
175,14.683570420800038
176,26.304316080719428
177,19.06341937606894
178,14.698019564243527
179,25.720782195017186
180,36.22010686582985
181,35.33072930392621
182,10.89293300334007
183,26.081124512267838
184,23.61235814197598
185,16.04881445451629
186,28.082307166674866
187,30.38174503037625
188,43.38435160875274
189,29.285413119979772
190,16.210518271121437
191,14.755516532701488
192,16.036774693442887
193,15.525721205404572
194,17.419874475537046
195,20.002316001279233
196,23.742507522203308
197,25.932148929027186
198,33.253711060492435
199,30.056371474229007
200,30.392212116742176
201,17.45682090984001
202,25.90719723037608
203,29.962443931933535
204,15.866294930173991
205,26.419382065020063
206,15.610510552506632
207,17.901867466946467
208,16.703512559646725
209,19.328280188487646
210,24.912967789919257
211,23.007394937277244
212,15.193858606822829
213,26.047025871412686
214,19.428611091926097
215,15.534569088703103
216,35.1476991603364
217,37.107906298345796
218,16.007600830284225
219,15.118907727164368
220,29.682316723818403
221,30.657496376896813
222,16.833844100342702
223,15.828592500471704
224,29.622556006374335
225,32.98253174324369
226,14.116822849724995
227,14.297452087198035
228,20.273199339727793
229,26.499508887826686
230,13.680151817448344
231,31.783119298885634
232,30.02590414273194
233,20.832778996701496
234,24.093029004733943
235,30.07528965810573
236,19.01921158502645
237,30.308410462615594
238,21.50115615464397
239,26.500617374176787
240,26.247529773886743
241,30.644331480520833
242,17.344167027265925
243,17.45594623036745
244,25.967899898031455
245,16.94901720089175
246,30.0597163595727
247,19.934907364568772
248,24.627477207283498
249,16.554425674237905
250,21.39519074611448
251,20.714986912963273
252,14.955406527273626
253,23.940436822854842
254,30.442852058806434
255,30.11813318325096
256,24.02240873876316
257,33.114889129672555
258,18.130343971902164
259,22.97471162036971
260,26.3094728664041
261,45.090690162296276
262,31.897816995152905
263,43.371935546957545
264,25.46898822114568
265,24.98984717855416
266,33.252646392410526
267,44.5643490746492
268,24.932083511538686
269,12.538881758570973
270,26.962802370510527
271,14.627070661325597
272,17.310058473090194
273,19.49502708699349
274,29.560611102291038
275,37.26740017990299
276,33.088228030203105
277,20.746752045644662
278,17.91799245475242
279,15.60414114579933
280,27.332387281468396
281,24.484889966017782
282,30.2569192622329
283,19.919022041295506
284,19.587458906535687
285,16.01661611814611
286,43.406597890367806
287,23.728253328961145
288,25.040626537167675
289,20.81066231007056
290,26.782338610785484
291,16.83969292637745
292,25.36967493736092
293,20.456823545601623
294,19.199254587501557
295,20.97864062165983
296,22.688967473713237
297,15.846961195720798
298,24.52157153932797
299,12.345871066482841
300,30.114530090842642
301,28.98898929174003
302,30.127486063648668
303,49.98452185090215
304,31.60478487892979
305,45.950081350400346
306,45.86113096321485
307,18.830009813032365
308,23.85466171954324
309,15.483235518873517
310,24.691645264546246
311,29.842739253245114
312,30.059860708967456
313,24.809279606042903
314,26.95319238329952
315,15.395004930753725
316,30.072284052877702
317,23.005382245865732
318,34.6459257446029
319,30.59424316423586
320,15.773102738739087
321,22.269101470871316
322,27.73338103285086
323,26.351753015967248
324,16.538975182731548
325,18.985304953773518
326,26.080425141543834
327,32.99183691685313
328,24.988959213916093
329,30.171671512714255
330,22.328245023971704
331,26.67458457922157
332,26.034265446147543
333,15.899480255800363
334,15.68373415939568
335,29.402412632181104
336,18.22352651214435
337,17.000557644514572
338,17.22509949417401
339,14.0327432536142
340,20.92250216920518
341,21.322299093759966
342,20.99667944358136
343,43.41863352146198
344,21.72808083358064
345,32.880598588499495
346,23.232507348661166
347,33.2572300251141
348,29.1473433805423
349,23.531794414797563
350,26.528191101848446
351,33.278737348366505
352,28.787767540554484
353,14.535679520160024
354,24.705375000322526
355,27.097066291654322
356,26.528679825681873
357,29.12689703527506
358,29.40223215633727
359,16.60539328066559
360,22.734286814442722
361,29.626027756025543
362,16.704427876938567
363,31.450722855403427
364,34.74274346406779
365,30.054996898947756
366,14.412861970830214
367,14.543137004432161
368,22.40413127159743
369,24.198161615152806
370,17.6264299546418
371,16.530411459270823
372,14.045484758795661
373,24.12035196894973
374,15.897073828487954
375,30.02615474168855
376,24.279203180827935
377,23.24603305767384
378,26.2575274051404
379,21.58180190722249
380,23.813299997438968
381,18.204836693886215
382,16.56624455266357
383,24.565013028437946
384,19.83631387823839
385,15.096836396367532
386,19.445322970226915
387,35.0269180446277
388,25.937112439138
389,25.936124012527532
390,22.74258700163355
391,17.200806050583743
392,29.55000426163722
393,23.047166465255202
394,18.279902985139884
395,15.106073455247053
396,26.714299467260428
397,15.672190619504342
398,14.875669895292338
399,26.23878811764481
400,8.126876271150826
401,22.955686500991554
402,25.273854008068415
403,25.676789123274034
404,26.276077776181364
405,25.70620476332727
406,30.689484976630286
407,18.262909133067417
408,30.062323206251435
409,11.804329449914912
410,25.444415223075588
411,25.190640783871014
412,18.190971205081066
413,16.872823826185925
414,26.323999189533083
415,27.581045187225094
416,17.02762575115002
417,21.939821522707174
418,16.235099884268042
419,23.745786551711152
420,17.550418033636813
421,27.135206856691255
422,29.36831341974354
423,25.294454925689106
424,23.938929655388883
425,30.11657193984091
426,10.886350895001813
427,16.92987799083864
428,30.055578413039672
429,22.24026956942917
430,24.37207666550482
431,14.029022212584607
432,44.29879617321576
433,24.727823298223715
434,14.84684091186665
435,26.225405656971034
436,18.421334107995936
437,26.03417828814797
438,17.845905923336915
439,32.50147854166929
440,15.495979111396496
441,35.08896116692853
442,24.652445135818635
443,16.126179463380648
444,15.690390395558929
445,24.685262108236685
446,21.18081987452692
447,16.665031133655663
448,48.53830205298167
449,30.11827888256456
450,43.542856833864434
451,22.924117990152574
452,17.893058789736088
453,30.055942749298545
454,35.67437622815272
455,16.976172651698764
456,10.859940936845575
457,17.734543080159646
458,15.77369821171045
459,17.52905022978033
460,19.33536264925726
461,15.481463365698255
462,25.741628028497367
463,13.383903301822663
464,23.50338515807399
465,15.552655477324143
466,37.03141150465046
467,16.512448252087236
468,30.551566479240137
469,26.80298755941994
470,30.08141713800865
471,30.117283743892266
472,29.31089803578544
473,15.886330367053638
474,28.361397422036198
475,27.971656852481104
476,29.051655824070817
477,17.546383517283118
478,26.23605105511977
479,25.36350434903357
480,35.841806160684975
481,28.460621235910367
482,24.053884444303574
483,20.60830142417951
484,30.116700441407616
485,17.96909012419352
486,17.851546628997795
487,15.008868578836712
488,19.460300959728542
489,27.580496748804975
490,22.518586207217595
491,33.19086545019806
492,15.2899914632902
493,38.42793220812076
494,22.087789701725967
495,30.050865549338347
496,30.05501162055884
497,16.229937517056555
498,33.25678898352117
499,14.49706609478272
500,14.411473512251112
501,18.75071949301881
502,17.092124068198043
503,21.870376857544418
504,18.974111175251444
505,20.893413569066578
506,24.705267599110385
507,30.108710604927374
508,30.07342444722415
509,25.469144359274786
510,18.338628816499938
511,16.048706403754654
512,29.450708548033695
513,21.531828151389654
514,13.946378641031622
515,24.35230149732405
516,14.90375283941966
517,30.057556353862708
518,29.96402430387815
519,30.124154773118033
520,26.92225674654413
521,23.05510286368757
522,15.767148656087976
523,15.70898143124037
524,17.105804748129984
525,17.099838772251328
526,22.48160604601817
527,30.069296272410917
528,19.854171230640517
529,30.05202393798368
530,23.87374822681361
531,29.459895274421115
532,25.13662853833196
533,14.538079888288797
534,16.437244105893157
535,22.361357744687467
536,17.469887400536333
537,25.311455994363882
538,19.339680124244797
539,31.662601675095686
540,30.183217845145315
541,15.976645164329774
542,49.11123458449576
543,15.51459331874049
544,18.487052660808224
545,29.13249874894803
546,40.69358314485736
547,32.987323860342755
548,46.482448411105196
549,22.50372134327188
550,22.148092347754428
551,26.67500414385723
552,26.973173456064664
553,11.105419702323847
554,21.211465305930922
555,14.364376690690278
556,23.13976110182239
557,29.474568766635286
558,30.076152962161736
559,30.37272132270907
560,20.78305472085914
561,24.212270891389352
562,20.375724676004804
563,24.32170618835672
564,16.804009443479156
565,17.136156137029992
566,19.53563312853428
567,25.772015710881885
568,15.749512668114406
569,15.29316452846136
570,22.423102045805976
571,23.784059202542963
572,45.61429129836334
573,23.64044789905133
574,14.036139966177
575,30.514031710274097
576,23.696343145094204
577,23.19114880348039
578,26.757756399685114
579,24.483301988286758
580,29.131978035634454
581,25.057547755012266
582,12.436537889700654
583,21.751561933250542
584,28.243021878604424
585,24.621304414628955
586,30.57633219999947
587,25.92204668687956
588,10.937048809601857
589,43.77499254981019
590,8.119133501957469
591,26.98873128050836
592,22.39005456232197
593,26.1945092972152
594,29.401199969850964
595,24.40070065571839
596,34.71401025510337
597,24.332924932324822
598,23.87755737451031
599,18.599921867105955
600,20.577414668638756
601,25.061320269360152
602,23.837183053703274
603,10.92908963799892
604,43.347229476694224
605,16.550048500666925
606,30.11109263457207
607,29.172449995759443
608,20.297310220285457
609,24.50131995721289
610,15.440257315341618
611,30.75620065881752
612,23.05340234356809
613,29.508362860931022
614,16.928538170069576
615,24.86086709397924
616,29.132337221621942
617,25.66486803741234
618,14.62998975242617
619,23.047884983128732
620,15.875673353808935
621,16.222283210254737
622,23.10341112776204
623,30.11879437089073
624,25.319285316067386
625,23.73719209504884
626,30.161112891147926
627,33.930264979603415
628,19.618221393583056
629,22.184175494447672
630,19.098522177764256
631,18.662053767197037
632,23.760953581082067
633,23.630083734871352
634,26.026629686822062
635,17.078837596177102
636,23.673202138170954
637,30.05712471978319
638,21.985036924217958
639,15.009950203947806
640,16.435382260452286
641,22.116370915522804
642,18.24060600691813
643,25.283111176155202
644,30.698171495632426
645,30.482087471879268
646,15.007889357836373
647,28.388772752839696
648,23.56172743600158
649,16.902496274710913
650,21.251746294310795
651,25.487268673621255
652,35.63571762691948
653,14.65725046678784
654,29.788922855891748
655,26.633115762846067
656,17.093067646070327
657,17.564103164830335
658,16.334988811558635
659,19.514400539242825
660,22.628250628654783
661,14.04789468691123
662,18.585762475861458
663,19.689762173815566
664,25.497513568334426
665,14.202007530856896
666,30.102311485995834
667,16.12026616372885
668,16.639209782568496
669,25.248099941733642
670,15.399677199345494
671,26.141035646532398
672,14.119627528225589
673,16.582013366212838
674,30.700907671202664
675,22.06795839671707
676,16.333352903954857
677,33.269312940612544
678,31.771232471573388
679,29.990115913118967
680,24.961873659193017
681,23.367033153585368
682,15.690529138648309
683,16.525811114342126
684,24.613178101447776
685,20.539879879792384
686,23.53466866832788
687,29.098388018561693
688,49.47587228952693
689,15.895982210994315
690,19.449764679758147
691,30.101285086785403
692,26.36476721031668
693,30.30069988556831
694,28.47844676726576
695,24.320267071161922
696,29.385620775306215
697,23.489086692805397
698,37.855361705887425
699,29.172370384509268
700,30.237416028641228
701,27.747356947263125
702,29.267639330048294
703,22.44914003229944
704,16.182792358475332
705,16.178179740605117
706,26.099772519279735
707,13.663259493309416
708,16.790228712574184
709,26.574741107190164
710,21.60603397769946
711,16.406885885194765
712,18.591316970428355
713,26.351874737785216
714,22.170792172751028
715,29.93063142910622
716,16.687997929905173
717,21.665101193595408
718,16.085100394994928
719,25.938345873452405
720,24.11684550127491
721,30.076600086006053
722,30.470740580197162
723,14.783313355593235
724,37.09842709007187
725,15.238234862100724
726,29.271506908863174
727,22.414830973319404
728,16.616707459971153
729,23.299716528095825
730,23.35776348567723
731,16.77260761163821
732,16.073953008552756
733,27.87910340512398
734,17.906596633910418
735,25.281466830329478
736,17.105266280151874
737,25.176481575484395
738,15.580172214578491
739,15.450110293563057
740,25.44094444036405
741,30.160474342118818
742,24.52023930715463
743,27.80394026390874
744,15.049284533345645
745,29.99529691757975
746,20.594615662627234
747,15.504338762083437
748,30.107629196417612
749,14.778456457978296
750,16.976826877126843
751,24.121372996995145
752,29.76524209207138
753,21.54234284573395
754,24.91736827179882
755,30.10205279096033
756,51.87221562318294
757,16.233425697128325
758,14.399965166057239
759,29.084450232743883
760,25.531949592777252
761,16.253595086172894
762,23.036650973625747
763,25.875113961659345
764,17.814299277958362
765,22.146238900629104
766,26.034019516375352
767,15.10350510497797
768,24.42195634788594
769,23.215540116989633
770,27.014063297511306
771,32.88053293756354
772,14.047716431506421
773,22.247510845219967
774,15.243706390229928
775,29.154925646732735
776,16.361438713980643
777,30.11543102307045
778,16.084567820099387
779,22.999289950298316
780,29.625577737226074
781,38.608940863450805
782,30.1259483738634
783,55.40036845813469
784,22.571246334014056
785,10.925017112925229
786,43.58630305607167
787,24.39354096765845
788,15.659969436691764
789,17.061594638784364
790,14.486285217983953
791,26.026228022362893
792,15.294691476386193
793,23.529453613933036
794,28.789536629921997
795,25.249969727875985
796,16.027082024421475
797,15.695953555910792
798,51.51325407102859
799,17.459078837565208
800,16.735876976435783
801,32.108379580492596
802,16.800142532391543
803,30.055897726733733
804,24.320622713683193
805,20.617981213279958
806,30.1101012803641
807,38.821455006577864
808,30.122948451299425
809,15.036996404747004
810,16.275353673545705
811,16.35276669303191
812,16.847247053944017
813,24.22256147415884
814,30.116467735873854
815,16.599874713761658
816,17.81015600700011
817,20.8105132845804
818,17.23245590592684
819,30.516888089495577
820,16.203972358368972
821,38.89123417063585
822,19.196341676458033
823,35.92425985786952
824,14.494140953327793
825,23.72676361827441
826,21.253199132514528
827,27.72583395148127
828,23.217343902510432
829,13.233949630209601
830,29.07399944410328
831,15.459810227725736
832,22.85433230559702
833,18.859329783177795
834,23.439501105643263
835,15.427798507359835
836,45.96538667151653
837,33.06015138173627
838,31.874154906705947
839,46.34967709291354
840,24.296309636678878
841,22.94684890330553
842,24.06404902783072
843,15.27740297524374
844,26.44920546192825
845,24.887173008995216
846,26.334853089275146
847,30.580512313779792
848,29.40186097498862
849,15.464725876939292
850,29.853271250250714
851,25.10312188412691
852,30.58622384991827
853,13.79358672416503
854,19.290231248320296
855,18.562194839674188
856,16.049857155821527
857,21.53809632993448
858,13.886157438888123
859,14.786730184474568
860,17.476767693726355
861,26.235746571060837
862,33.25416726713341
863,16.631449647162835
864,31.76642573337926
865,30.11823927383789
866,18.59944184474465
867,12.110845963700248
868,24.363906479088843
869,29.539546730296312
870,16.804417999736064
871,14.627729314122687
872,30.05929879091181
873,15.73681681933703
874,23.628919291262644
875,29.28589669721127
876,25.52729540974527
877,16.819477561081516
878,20.855020779278625
879,13.94696448500612
880,16.033335763147853
881,22.02720727669771
882,26.488461805032138
883,30.11657768049531
884,15.725037653766883
885,33.134174378176695
886,40.153668903439375
887,28.195600839821548
888,14.723208229863193
889,35.03410861575428
890,10.918038181089004
891,29.188047459806278
892,14.365975242816997
893,23.34319522258962
894,15.8058885799046
895,30.47013001958088
896,25.843270051788394
897,16.025344178377424
898,27.30721437716956
899,25.088021413141714
900,12.331638697593734
901,30.72580272157439
902,22.730947072082635
903,26.450064104690064
904,22.46862389866867
905,30.707756954870973
906,17.706326659560848
907,25.999451278127125
908,17.97808745923683
909,44.08051380097313
910,21.500303767345812
911,21.48781998354361
912,17.567183410677448
913,25.753865923010228
914,22.74515565320729
915,24.2661239808743
916,14.964056979267475
917,24.51408835652771
918,25.281564796815847
919,17.04448772920453
920,16.6984573342716
921,24.67364881562842
922,17.273637881707728
923,25.960016286169378
924,17.0169863434418
925,14.634022443068194
926,16.94255201658841
927,43.85921653429798
928,23.112225214508857
929,20.29535129929945
930,15.94628021263709
931,43.40228815143101
932,15.196440096704084
933,19.45745994333497
934,16.164430308759616
935,32.55300104268265
936,15.832734962990934
937,20.142746552540228
938,8.161690195379377
939,25.394600616724006
940,25.19107573198771
941,26.673572766590006
942,31.781449736360766
943,32.97691456738586
944,21.407322371546517
945,14.417778713434302
946,20.11162206348379
947,13.646203534935314
948,31.871771543680484
949,29.921151255971044
950,25.76250312564928
951,26.325432181403766
952,14.761577351075687
953,31.55283337929408
954,16.030610729059116
955,16.704484511687447
956,28.1586588569067
957,25.444533913087056
958,43.35458918719437
959,17.11272847110724
960,16.789821632673565
961,29.33484246695445
962,29.683088374140176
963,25.93742587380342
964,25.80749521829501
965,19.957370552219317
966,14.471878102925162
967,31.772530742284196
968,16.03609993860001
969,38.823679452938215
970,23.45210274935273
971,26.886059425382207
972,15.114844900505846
973,16.04545307567316
974,30.103440244369718
975,17.540599126502418
976,19.572555350269724
977,30.026801815436475
978,43.368109940367944
979,30.08061743399334
980,18.103920936791447
981,16.133777003041665
982,21.70707224476481
983,22.88728307156029
984,43.762880841633404
985,15.953067145890913
986,15.249728547925713
987,9.576143022725146
988,21.092358363909284
989,17.43338939098878
990,23.29683893581368
991,24.35598248531209
992,23.709644464011387
993,15.139807074355247
994,17.12555835254675
995,15.879322627030062
996,15.279877254078258
997,29.55569168782661
998,22.884567781740973
999,19.719930132232058
1000,15.204583874783
1001,16.256098222130237
1002,15.972819439471467
1003,16.056674745271433
1004,26.998372407023222
1005,21.733032607732664
1006,30.10966535804139
1007,16.144153891101382
1008,23.68336508460694
1009,14.029010237902863
1010,30.290213691403988
1011,26.973594663482938
1012,32.762909556932044
1013,25.469401349411065
1014,15.11975372371082
1015,23.56635898689729
1016,16.26566973822228
1017,33.23646372904578
1018,24.515866728687996
1019,24.16798617290066
1020,19.478516157594633
1021,18.19869511807827
1022,15.413028882281502
1023,16.798430114250284
1024,14.040580058034658
1025,15.687871462643809
1026,23.045289127916387
1027,25.18843417192109
1028,23.12254373878353
1029,23.95498161326527
1030,22.21955989204085
1031,28.163202626223573
1032,24.00382787861221
1033,13.904833436366651
1034,17.497496934401127
1035,34.590759921726026
1036,16.32545133427159
1037,16.76557484576079
1038,30.509661133787905
1039,30.062465968468153
1040,21.476187134378304
1041,17.468886804491433
1042,25.528587395394485
1043,18.97786577767057
1044,24.636423117718188
1045,29.461161463320742
1046,50.75693802961356
1047,17.76863667464598
1048,25.77008245824657
1049,27.733471812797518
1050,16.09640287799842
1051,23.302575488441423
1052,18.601883497662698
1053,16.500097960591322
1054,16.54351066411002
1055,22.074614747838474
1056,19.375541519129122
1057,50.00362375381741
1058,30.589651148947198
1059,24.057135412615125
1060,27.005539978399188
1061,26.37305319276699
1062,30.379643297160882
1063,25.28108228813941
1064,31.680460639218293
1065,21.747846574438185
1066,21.79104886470515
1067,25.28289024586149
1068,19.683467250933475
1069,30.115481265585768
1070,14.650903845825788
1071,20.75681835739909
1072,14.500613747643925
1073,23.95579471133295
1074,29.637157071047955
1075,25.279955776118527
1076,30.108613362723705
1077,33.33580841119773
1078,17.143571191714948
1079,16.174603145448216
1080,58.23488396634794
1081,15.55735210986912
1082,18.04663103370215
1083,24.470878308323673
1084,24.97948302647915
1085,26.078683444533
1086,14.119916525046905
1087,25.063989052931696
1088,24.627131402157893
1089,29.37690081096418
1090,43.41843588789253
1091,31.745969468031525
1092,34.68720424380682
1093,25.77542889301328
1094,23.534731837760607
1095,17.098872008509044
1096,35.67057579750883
1097,18.329780349451248
1098,17.477502017389572
1099,15.01910603471505
1100,29.46053460943014
1101,14.652267012721026
1102,17.41394470697042
1103,50.029790649896455
1104,24.26342648093076
1105,28.78708602013807
1106,25.239254833381363
1107,16.13242104052385
1108,21.751818955837976
1109,30.701016091773496
1110,30.704381880591455
1111,16.506045454348108
1112,16.20451902581767
1113,26.20608545802712
1114,30.569802055564864
1115,15.309580461965972
1116,17.05844192127709
1117,23.344163135987422
1118,13.384097763826299
1119,21.807459535244238
1120,23.51695926294717
1121,23.78243890788502
1122,23.56449221688409
1123,20.765710478463518
1124,30.11259274585506
1125,25.228601229545212
1126,14.50448682862065
1127,20.15410901070004
1128,14.215083862829227
1129,23.533013850357523
1130,30.107816886362468
1131,23.203390861035782
1132,23.557127400152613
1133,64.71702818682533
1134,16.111223384813158
1135,15.408286220981314
1136,29.558754993594192
1137,22.543994274277907
1138,30.08196797871865
1139,18.02298279968397
1140,45.93627864467836
1141,43.75044259635459
1142,14.498857889237286
1143,22.970643950706748
1144,29.30913899262879
1145,26.098402756448685
1146,14.388112004140257
1147,15.90820984287139
1148,19.666913715887098
1149,19.97563897577151
1150,30.12926169356475
1151,26.486865540096545
1152,29.84320851136102
1153,26.45373404168074
1154,32.4607161092321
1155,34.98551448256325
1156,26.783168296808284
1157,18.600902808384213
1158,43.40395272037536
1159,26.088199312465818
1160,22.34088483347074
1161,22.740514131687036
1162,15.948673571447346
1163,24.066123091379684
1164,21.320733202956024
1165,45.9560970719728
1166,30.697874708712888
1167,29.147617859006875
1168,30.693200776551517
1169,22.129935438180084
1170,18.49030741222707
1171,24.04254655258714
1172,17.304057363291946
1173,16.12631524379048
1174,23.99733768854582
1175,24.10368464066196
1176,13.841886211469415
1177,26.34714520726254
1178,44.2105834182307
1179,26.02575500787148
1180,21.706216844289774
1181,27.746749320690476
1182,24.313303836026396
1183,23.439432772886974
1184,26.025627529505
1185,24.690647650174114
1186,26.897133584125203
1187,24.27010516085895
1188,25.240532695061823
1189,28.786906183121232
1190,19.979654515345633
1191,15.704688739255293
1192,27.244499383214677
1193,26.078685175855128
1194,30.109577369248438
1195,19.20869775832059
1196,32.418795188236274
1197,16.048048985528332
1198,24.694558423258265
1199,28.488465890136148
1200,13.886233476671517
1201,30.119758487950097
1202,33.25326153802929
1203,25.00291792297925
1204,23.250707004074204
1205,16.217876935909924
1206,15.894314562235003
1207,21.05588210044972
1208,16.822786145916833
1209,15.562386325333861
1210,49.367063207275834
1211,13.976597596482879
1212,16.917190804783246
1213,19.348569820422142
1214,38.2476727073601
1215,26.007678094632844
1216,26.52694897486693
1217,27.652784452047435
1218,11.845370158287489
1219,31.106556913627777
1220,8.139090688203746
1221,15.533945439880217
1222,30.107553062431442
1223,17.23144295803377
1224,25.44443888985146
1225,23.05945082031051
1226,23.79436022102215
1227,23.00854628472503
1228,16.746152612403506
1229,42.46617998279349
1230,21.005978623245156
1231,18.603281154238292
1232,14.036334876433006
1233,17.4048078699253
1234,20.813532992219816
1235,24.823865762139636
1236,30.05711281324362
1237,27.734024760440665
1238,43.392030888811476
1239,30.442640826968677
1240,30.1111196848359
1241,14.698351092430848
1242,15.94360141040147
1243,29.17273134277906
1244,22.714304740293613
1245,15.002185313018613
1246,25.202242860586914
1247,18.46834737311736
1248,50.17921865627826
1249,45.94991856406668
1250,23.776016327631957
1251,30.38104889019064
1252,30.290079227397896
1253,25.19818547994533
1254,28.98794256732683
1255,19.603754498816244
1256,27.370965436397157
1257,16.804971314223106
1258,16.699271211788876
1259,25.281511141531364
1260,18.539078659679124
1261,24.10144252975078
1262,28.354384028060753
1263,24.432895507924837
1264,25.191064945590174
1265,46.287931445611875
1266,16.052463724976043
1267,30.301072117188816
1268,20.601851704502966
1269,16.51131881199562
1270,13.897355342839298
1271,15.103416526315938
1272,24.01678872878178
1273,30.080439180515178
1274,21.521232057150186
1275,12.573213017526905
1276,18.73986543890907
1277,38.500582787310286
1278,30.37853985468772
1279,14.871984540954797
1280,25.932457036590314
1281,19.397206327534168
1282,19.673078116497194
1283,29.18856278564639
1284,29.551186467630785
1285,30.65983239077945
1286,25.43331433745499
1287,28.148811994013265
1288,46.01463901811944
1289,43.76519784573817
1290,24.597219988941056
1291,24.02921040065237
1292,30.124099886504684
1293,23.947514484496264
1294,26.8277257640074
1295,22.404584037382847
1296,18.643844512673425
1297,27.732360680187917
1298,16.210761730655722
1299,29.308392905061055
1300,17.925322285957886
1301,22.742761487089133
1302,29.645748007676204
1303,44.47372700613939
1304,30.076014051028643
1305,25.836680859035283
1306,23.3231034985385
1307,14.091801756836055
1308,26.466111790066027
1309,29.784068756214893
1310,16.659680118900745
1311,18.971013728825586
1312,20.124048176381944
1313,30.05852987282579
1314,16.429546406895877
1315,29.306752019833905
1316,20.849430687869578
1317,14.529245088601273
1318,24.62291813264396
1319,23.72133993498501
1320,19.168470161414294
1321,30.115374685573247
1322,18.181099863052616
1323,26.254736911561288
1324,17.08418560013557
1325,23.01543361137407
1326,15.427590096222769
1327,17.412754190795226
1328,33.238540932901685
1329,16.51683240135553
1330,24.430343852970992
1331,25.047990971660543
1332,15.323232383467314
1333,33.25512384959123
1334,24.42534732367639
1335,17.559388253835472
1336,29.19329608511282
1337,27.000982344608232
1338,25.86515289485132
1339,22.939583439558582
1340,26.33207958834592
1341,29.460463918939315
1342,17.200993707020636
1343,43.38205172237559
1344,25.947173548316314
1345,16.01958960745698
1346,30.60496243482326
1347,15.371942108220294
1348,30.074176378368225
1349,26.12304306041466
1350,26.616611216081445
1351,10.933819472659934
1352,15.612406493221663
1353,15.938457261885159
1354,33.25271894097464
1355,15.72664212316451
1356,15.875472023151488
1357,16.80584716652255
1358,16.773766026911176
1359,26.41765971299309
1360,29.17558304236751
1361,23.190984093548483
1362,26.786229700728406
1363,16.933035343965035
1364,14.372215360904532
1365,30.05733334876909
1366,15.245424919486723
1367,30.05670604354163
1368,23.932872136860276
1369,17.09663940180091
1370,15.843369720201869
1371,16.150008335327716
1372,21.698855375928545
1373,24.330732133913443
1374,24.245343506148068
1375,50.014516256673005
1376,17.079002354679616
1377,30.074928387953225
1378,29.370924608175805
1379,28.534991473134685
1380,27.733455495780333
1381,15.89627904985237
1382,43.034304176557505
1383,16.426692205602265
1384,22.51257291796437
1385,15.774527807605043
1386,15.122777912392472
1387,29.132677681512384
1388,31.20729684613589
1389,26.081469784692736
1390,17.101798564786943
1391,43.09412167421581
1392,22.14873959848344
1393,16.002690216216774
1394,14.610024327459197
1395,25.210563992543843
1396,43.37806510426512
1397,30.61049920101393
1398,15.548672946845855
1399,17.03411426015969
1400,24.666965963522436
1401,30.057781573828553
1402,30.131241679101578
1403,23.303782806767767
1404,30.05579407356622
1405,17.82955646298227
1406,13.380414786530782
1407,35.59204875979069
1408,15.780742966923913
1409,27.677173022377815
1410,24.217759786239995
1411,19.889810558074892
1412,30.126526784475885
1413,13.847823435493595
1414,19.489266289636426
1415,28.199534381401325
1416,23.014263228324573
1417,23.472042948433767
1418,25.823196580127107
1419,36.61887812879403
1420,23.407621652604583
1421,43.70644597521081
1422,24.829887866102442
1423,15.005536423775348
1424,29.786514656985943
1425,28.002598703504024
1426,13.649172457013961
1427,25.93728997410063
1428,17.907682970764654
1429,25.28454251585384
1430,15.586798477209923
1431,16.94575974326781
1432,12.57921995070634
1433,19.19624884174638
1434,17.1303392839003
1435,29.15610546368951
1436,35.28421115851287
1437,25.93140039054442
1438,28.99112865724545
1439,34.44910930656033
1440,30.108611161724305
1441,23.425827776524084
1442,15.338396809707662
1443,31.90930051729886
1444,20.832707814391977
1445,16.182630665190803
1446,24.521119493457746
1447,25.93764085105974
1448,30.47110543787261
1449,15.22849925526608
1450,24.32137262344998
1451,22.085795447875835
1452,30.106719061796554
1453,15.992097956839064
1454,23.44934175341172
1455,19.498096611092848
1456,20.993401355509736
1457,21.861113371167132
1458,15.078835667827327
1459,21.46969274786511
1460,30.10881746096975
1461,15.830039182427171
1462,17.203356409127707
1463,23.70451692243017
1464,24.02741077037839
1465,17.249083138586563
1466,30.109892391493155
1467,23.674257041874178
1468,23.84430278984206
1469,24.8618689722807
1470,31.763957653532923
1471,19.84188627985608
1472,27.45794645193152
1473,23.58201603713284
1474,16.159493301131196
1475,15.309298117868646
1476,37.364759091396905
1477,24.422420230861697
1478,30.65007269739403
1479,17.585390688982024
1480,16.273540230442165
1481,22.919693863477622
1482,17.099726301076664
1483,30.12819142676325
1484,29.308066297821934
1485,25.808840422759786
1486,22.216325622170565
1487,24.429067909094982
1488,34.11058895562864
1489,29.537943909203154
1490,24.56917730792668
1491,24.363814620225494
1492,33.93581391418741
1493,23.302694013879183
1494,21.555636437402562
1495,20.867372776756586
1496,15.575587073999355
1497,17.10222538027472
1498,33.190679558860595
1499,17.411029431277154
1500,23.40015852484982
1501,15.66217024238744
1502,23.94065309295769
1503,23.64618391403516
1504,18.47520460259085
1505,23.02941594930013
1506,24.339147927588407
1507,26.71640131860118
1508,24.060757818490014
1509,16.397557600291936
1510,20.653581159655946
1511,22.620086360106328
1512,16.565327945573067
1513,18.143586470412146
1514,26.794884578785407
1515,37.669749965300376
1516,17.329449731883972
1517,30.112905077436395
1518,30.490618309749678
1519,18.307645803519762
1520,15.51813437974591
1521,30.116648955927747
1522,23.97767307049809
1523,20.89254326610348
1524,24.65789444113855
1525,29.411889114882584
1526,16.39732675163279
1527,24.508624907860366
1528,17.19708844449999
1529,28.06469862362937
1530,23.217983481169654
1531,30.068520065173953
1532,26.871555341015803
1533,18.289508019086444
1534,15.86083828052962
1535,30.98874222095155
1536,15.230311137214851
1537,26.78317074748506
1538,15.425116648682213
1539,16.636287683782946
1540,21.657148298607243
1541,21.351283778733727
1542,30.953569785838102
1543,23.36385414902201
1544,25.168495546958436
1545,30.56797498142924
1546,30.51846330269698
1547,29.608477078509903
1548,24.097590896432884
1549,28.148483791411792
1550,17.165767854196005
1551,15.17175292788526
1552,19.56815709623706
1553,21.74574467523346
1554,25.931853376718557
1555,15.733054882135066
1556,17.90433018866147
1557,15.512530735184214
1558,29.54971936514444
1559,15.849623664022765
1560,29.963852810093012
1561,26.71555814252526
1562,30.075331564059752
1563,15.794295467330343
1564,30.059958310656086
1565,30.511349623676697
1566,29.534896164860953
1567,15.914591277880957
1568,22.85611275258809
1569,24.9127987937036
1570,26.839810321075422
1571,21.394435893546415
1572,29.30955735658184
1573,26.92075702302609
1574,31.730027013669968
1575,30.118330824298233
1576,24.426921372053076
1577,24.687090066928654
1578,25.512968064402813
1579,17.15315852639801
1580,23.408436649769357
1581,16.561806100652763
1582,8.605751682415665
1583,13.02781868175621
1584,24.70397515556832
1585,31.664638394504763
1586,25.46896529483801
1587,29.329199278523365
1588,16.668856225598322
1589,24.889572483908076
1590,22.379062408243925
1591,33.130975907580904
1592,30.072674975204173
1593,27.676594420966417
1594,28.077922621010565
1595,19.64551802448126
1596,14.720167043874147
1597,29.580764575494563
1598,23.903385660244105
1599,30.638081766965314
1600,41.57851534352524
1601,22.987118497690265
1602,49.852043899299986
1603,15.668313759859865
1604,14.036129726402638
1605,14.550255906550152
1606,14.725662403503428
1607,23.051842274597213
1608,30.527337106630185
1609,17.76196844274821
1610,22.95130463614094
1611,15.475466575162592
1612,30.556660145604308
1613,15.34449804383144
1614,29.825351384474743
1615,28.7879942108294
1616,16.64452725293155
1617,16.289387153937952
1618,27.119049116179475
1619,29.369548289441024
1620,25.651568575026474
1621,16.615426963020713
1622,30.05902863325023
1623,14.783561099078879
1624,29.937512794712795
1625,16.612388798639284
1626,30.60845876399656
1627,18.945056379310806
1628,16.575406617787383
1629,22.20666676819686
1630,17.3405631999483
1631,25.320255571124434
1632,12.280749182709368
1633,16.481916141023977
1634,12.429802259962718
1635,28.871273457216446
1636,17.22557811444671
1637,22.325340532630413
1638,19.506081636949354
1639,15.652842695484976
1640,25.50441713517706
1641,25.90733565712319
1642,16.806720351523
1643,17.266799668796473
1644,26.791736561018176
1645,27.191822462064845
1646,20.125643083379835
1647,30.698058528979217
1648,19.602467513188227
1649,17.859855233603227
1650,16.56046986653947
1651,23.2295734314805
1652,16.801391087406166
1653,26.818726776474193
1654,23.068941604185913
1655,14.390192360839169
1656,26.18160557954412
1657,16.570187750488756
1658,16.77906729294943
1659,30.068607294776182
1660,12.250867068544409
1661,15.315232447734605
1662,23.526206253235927
1663,23.88231221721669
1664,25.03831576068586
1665,19.50523129980128
1666,10.921151222205427
1667,23.628291677792582
1668,16.42741927222191
1669,25.293363722027344
1670,25.937066536033786
1671,24.716657698651826
1672,25.211566604549233
1673,23.05011170560413
1674,30.108761901994242
1675,20.74395641542915
1676,15.488877256801473
1677,33.25505258396312
1678,24.719626947978526
1679,17.075565617677157
1680,25.945132824096692
1681,20.62186765777271
1682,19.537556226741337
1683,26.98887460120019
1684,27.733123261383177
1685,64.10950484139893
1686,15.99939628617225
1687,21.810849073460385
1688,22.153918477673557
1689,17.13583726692221
1690,15.541366362320419
1691,24.051751760014636
1692,15.944504938702906
1693,16.203695470977053
1694,34.37345797437426
1695,14.11767462713835
1696,24.926635062246664
1697,15.530344390692697
1698,18.874138027577306
1699,15.859641937870455
1700,22.694522764313934
1701,31.790123978487657
1702,64.39259712400268
1703,28.927561211920118
1704,30.288922031442247
1705,30.117181843738948
1706,36.317746775902094
1707,18.198555762353198
1708,26.730199111552384
1709,15.455126529012476
1710,17.104155271435797
1711,20.79356398205905
1712,19.460169896021444
1713,20.388779333539063
1714,17.09717893409779
1715,16.015497244623088
1716,10.936046888513896
1717,24.462444208929814
1718,15.786193093284917
1719,46.55874831265929
1720,15.704347366027278
1721,10.937800483345477
1722,33.25596077144266
1723,16.937513083851343
1724,17.413385191105636
1725,23.519926815408834
1726,30.051103653118933
1727,17.96050895907755
1728,24.189708657205394
1729,17.696441975970806
1730,30.051714456678322
1731,32.99190511944711
1732,20.773842932614976
1733,16.618083469071262
1734,27.736232694257573
1735,30.063797593945456
1736,30.118997927832947
1737,29.9127330478567
1738,30.24086572555398
1739,33.24780550851525
1740,19.175445993598633
1741,24.237795229892733
1742,31.914244813598216
1743,25.555062484824248
1744,34.77417056469823
1745,23.5234323599441
1746,26.234836672134755
1747,25.012539863520715
1748,30.111076445663784
1749,43.326302977586124
1750,31.301394729237167
1751,17.60639691038
1752,21.55656256124988
1753,18.981780824798467
1754,30.08082873130541
1755,30.10890860369479
1756,26.75633949379869
1757,28.95455219655407
1758,29.938525542328424
1759,30.13962078697714
1760,14.037419030510247
1761,29.33373623098342
1762,15.090795314788782
1763,22.560768681255468
1764,32.9768670602166
1765,26.03772586821478
1766,15.722912767303313
1767,26.497471437942405
1768,29.93896346160541
1769,17.614221508349413
1770,29.45685090369407
1771,18.805684447567007
1772,16.10992307980949
1773,30.026044537126506
1774,25.25256694786216
1775,15.938457261885159
1776,30.102150964395474
1777,35.659264195151486
1778,16.935519522514724
1779,25.451323551906377
1780,20.189270296144727
1781,57.972554487720274
1782,44.76353081267337
1783,27.316748313803885
1784,24.733143220825646
1785,28.173440298854814
1786,23.795406172803077
1787,27.747479351769634
1788,11.84852225539395
1789,15.010779458763713
1790,17.073553236692426
1791,15.3589039217156
1792,23.102871410486323
1793,11.81699525810171
1794,8.204787149729254
1795,19.57963558989047
1796,54.4931880801312
1797,29.26420816777675
1798,24.674938971275843
1799,30.107919335292955
1800,30.65875718640876
1801,20.926165930209194
1802,15.50112697517039
1803,25.281697128938873
1804,27.356117254815384
1805,29.549367231585283
1806,26.331615111348967
1807,27.44439277033429
1808,8.211812410875776
1809,14.938801207491526
1810,26.03064026087879
1811,15.28455386699392
1812,29.448673809430677
1813,11.787620449110324
1814,25.210802747240663
1815,37.80700441863324
1816,25.652197016453897
1817,23.288805992456265
1818,16.928036970034995
1819,24.580187858625383
1820,30.06920018341416
1821,17.667354024369217
1822,15.366506232215063
1823,16.8017126767742
1824,21.41438012175633
1825,14.11817965077665
1826,46.731815694865666
1827,18.09927828623048
1828,26.024160069951616
1829,29.50917525884016
1830,12.425267987398726
1831,15.590999329455911
1832,15.471882554875126
1833,19.19728358117717
1834,28.926524547541746
1835,26.080235011797022
1836,24.514313827485054
1837,14.042521531988092
1838,21.01228454526111
1839,17.875456922279337
1840,34.53679310953818
1841,25.188973141391443
1842,29.93827577393788
1843,26.788088436630456
1844,25.66550557956841
1845,15.540916666685776
1846,15.007729147689695
1847,15.926350526082729
1848,14.581265171871479
1849,19.444283665869882
1850,16.845736080782025
1851,20.81574291629968
1852,23.920374951669125
1853,15.6340246835856
1854,28.948947000972904
1855,24.692251444350788
1856,26.233899710255628
1857,64.18369651364995
1858,23.930989298884654
1859,30.288186885665624
1860,32.99895984864068
1861,24.42032085556768
1862,16.596774197111714
1863,30.055175468826587
1864,24.147634751165562
1865,24.945086168901298
1866,24.163010711924816
1867,17.737288424620672
1868,43.41817160811013
1869,23.94098566471157
1870,33.993356884069165
1871,24.51914537276269
1872,43.53495542972352
1873,14.709090407212454
1874,18.102161172727236
1875,24.858242516565465
1876,17.07815602804837
1877,30.52530079687354
1878,28.96449124273937
1879,14.787411760699458
1880,18.143662986700775
1881,39.10278318586643
1882,17.029326258104266
1883,17.94638169073891
1884,8.182374301706663
1885,25.28190751958259
1886,19.43898256803789
1887,64.28120757416525
1888,15.735971637944694
1889,30.6051064875921
1890,23.02586946391993
1891,23.19683658259229
1892,29.172994755700863
1893,35.60083623482734
1894,30.05684485205532
1895,42.07619069190636
1896,39.276608338680035
1897,19.39961461059889
1898,15.554495205192733
1899,17.106925709378924
1900,25.280928767166714
1901,43.41184998277381
1902,26.232645702970895
1903,18.20436137680736
1904,30.698207809429967
1905,17.739275732731834
1906,43.72247443436039
1907,14.34530886467402
1908,24.619968855831786
1909,17.86772422265029
1910,16.70253476537798
1911,18.320710692894572
1912,18.600247635497734
1913,17.591133393078586
1914,25.20733225036961
1915,15.992966147614165
1916,15.763835122491098
1917,24.31016876521227
1918,27.733791874064273
1919,23.293224206644336
1920,20.8949738338375
1921,14.012577173537785
1922,16.26932026290978
1923,11.128570131260009
1924,27.192700036347105
1925,30.055538709702688
1926,26.75398048135481
1927,30.056470536278336
1928,20.587301913374134
1929,15.342988786081044
1930,16.299691682424374
1931,12.530164310175246
1932,30.06244075165259
1933,25.248760894223444
1934,22.64094101301541
1935,24.15679419979952
1936,25.613077613089455
1937,14.202393527103528
1938,23.50717802011185
1939,27.718232471611
1940,27.216623107420993
1941,35.760658679481814
1942,33.89934638252036
1943,31.70435086513337
1944,20.6071340679844
1945,25.708491720429738
1946,22.869277810416904
1947,33.24632828789715
1948,29.19245783921391
1949,16.17150615192543
1950,17.18808382006839
1951,16.93293176067335
1952,15.777244850707167
1953,24.69380840430007
1954,20.576261818587778
1955,23.886444436436463
1956,18.770087826873112
1957,19.198784854959737
1958,14.030292677088896
1959,15.177046694629384
1960,30.091194889607824
1961,43.38298762882547
1962,21.86108208952136
1963,30.072925660407684
1964,10.93315953796382
1965,29.209376509700288
1966,26.48349975022436
1967,27.676716771762564
1968,31.120243025845667
1969,17.333739810559447
1970,13.746112166553235
1971,25.294063608148353
1972,24.531274083071423
1973,23.71389872341938
1974,18.601616858909715
1975,25.935932642587233
1976,30.658376403376423
1977,23.87701964848282
1978,11.105866881110265
1979,24.192735306417028
1980,29.732927646275776
1981,22.972352408486657
1982,30.08052682048253
1983,22.3764001363273
1984,23.021194246917428
1985,17.70119583484992
1986,19.00511314691031
1987,30.108660438219456
1988,21.780845685024335
1989,15.016293071807693
1990,20.77272384038305
1991,30.249624332791743
1992,17.480675105956053
1993,16.399760083161134
1994,25.915237939514356
1995,15.967834868601688
1996,18.152839452200087
1997,17.96525716112367
1998,26.125787708005717
1999,16.79332424937369
2000,30.127827188478243
2001,30.713301307816856
2002,13.836935204577426
2003,30.117323368295978
2004,32.856000846825616
2005,25.746981473643682
2006,16.53854744259978
2007,19.04857124298804
2008,24.810428085023105
2009,26.167620784571927
2010,14.716362225391824
2011,15.905618071269034
2012,23.875914583913392
2013,29.376438499562504
2014,20.146060654940158
2015,30.61826488262401
2016,30.117659447363774
2017,19.095947107904657
2018,19.156119092424994
2019,22.348908534891898
2020,17.953788113988356
2021,17.573200240278027
2022,24.931257866201324
2023,26.501796287220678
2024,18.04630630579338
2025,15.951739072767044
2026,19.14623796705922
2027,26.4730409030644
2028,31.77288640272273
2029,14.922405780439021
2030,44.21300964109103
2031,17.505749291356448
2032,15.572117817466195
2033,16.25559261259859
2034,22.07669465764967
2035,30.56783473814051
2036,17.42985466965366
2037,22.80292671139027
2038,29.4955237616503
2039,14.054100049385134
2040,23.98013292282578
2041,16.533695356669373
2042,39.50491559986693
2043,30.102657553637332
2044,25.858423850646954
2045,15.467304483054692
2046,18.744544076018045
2047,15.673384218697706
2048,25.879453143537496
2049,18.601532289432242
2050,17.026404610377202
2051,43.267953705355374
2052,24.488707710831903
2053,30.07296821219911
2054,23.78269795971352
2055,12.705809159471531
2056,29.39797862538399
2057,16.052470176980712
2058,15.964512990853684
2059,31.784181297586404
2060,30.28253782298819
2061,15.930683460074365
2062,18.117968209320495
2063,20.775900524004896
2064,26.07919375585196
2065,25.372590233045297
2066,26.674545356430656
2067,18.14766415536025
2068,14.36225023862938
2069,62.6416959870899
2070,13.389965494628136
2071,37.45766394545278
2072,20.78296734650095
2073,16.733555281530766
2074,17.149079117156607
2075,30.289306345848555
2076,22.878181303029553
2077,30.670922120242786
2078,16.18097601233821
2079,64.1841801180286
2080,24.2167818041892
2081,30.11646496779938
2082,17.277755935561146
2083,14.222378022001934
2084,24.985787812146494
2085,30.115721861748227
2086,24.706078109185363
2087,30.05717346197768
2088,16.55975066471267
2089,15.11814310201053
2090,29.938320135991844
2091,17.319556889344927
2092,37.28611688750539
2093,23.74666514503471
2094,24.32072313803436
2095,30.06365266701324
2096,26.332724735511633
2097,17.017069816905888
2098,25.74246668395265
2099,13.892705680557118
2100,16.54475821198332
2101,30.057811359091644
2102,25.133041180572903
2103,17.104180949990763
2104,27.67704361296951
2105,24.862993923263353
2106,25.18928661690468
2107,16.296269993941785
2108,35.94379591149681
2109,15.665229443781637
2110,15.232051251397401
2111,21.452023576472904
2112,23.55377842370858
2113,16.722912868503364
2114,15.816982208366401
2115,35.401054010848135
2116,30.03474565429443
2117,24.506542395074753
2118,34.865537653911126
2119,23.15893317261574
2120,26.95119064618156
2121,21.513554672021602
2122,16.111856378499212
2123,20.881518748269443
2124,17.113962148122095
2125,22.74245899749245
2126,30.64907920278752
2127,64.25178997410993
2128,23.2916163656592
2129,40.26357184680696
2130,17.51282353236247
2131,16.51098117018136
2132,26.93390332171944
2133,31.727334730104484
2134,23.837372078795763
2135,15.086840948202015
2136,29.06896042319229
2137,29.46205819717833
2138,17.230406109242963
2139,16.90009772777817
2140,31.112607786439096
2141,29.832144194633166
2142,30.05529211515067
2143,29.383169076847537
2144,29.312190951808205
2145,16.59901091933753
2146,29.310056949634976
2147,19.101682372400184
2148,32.86224549973218
2149,13.386415117926722
2150,17.98856296276036
2151,30.63873138387946
2152,21.74283184739722
2153,17.257134980218733
2154,43.88543119565311
2155,26.351913188108085
2156,25.008123533855393
2157,26.290636522472944
2158,24.279695219794938
2159,32.19236944652239
2160,15.013534860670855
2161,16.951354158589304
2162,28.803597573650148
2163,30.509877615407234
2164,26.917246250058817
2165,33.16108766918979
2166,44.338047357922726
2167,17.074996436853873
2168,15.243991951244686
2169,19.397223672703916
2170,30.07316630551399
2171,30.009453242760745
2172,28.254593754755707
2173,30.109013642667843
2174,17.353628361688433
2175,21.755882318302582
2176,29.7764210961823
2177,14.446008258165648
2178,25.866956200665577
2179,31.71700287189242
2180,23.520706879112883
2181,18.128657744077955
2182,28.78877678469726
2183,15.326250765341555
2184,28.789391027904955
2185,23.24731236297556
2186,14.49611385679584
2187,12.544707442383539
2188,13.382556011895485
2189,15.758847837347643
2190,16.3665304553245
2191,24.742414641571077
2192,15.630345745753756
2193,16.512358906935244
2194,30.109638879712346
2195,30.02674836183266
2196,30.507915001496123
2197,20.352579342569438
2198,26.673501029353808
2199,26.38345654787205
2200,15.29181332594613
2201,47.00811935884478
2202,25.936159416281566
2203,23.05481164852734
2204,21.20169724912049
2205,30.579712630139863
2206,22.148660816274038
2207,33.23682226232427
2208,16.81819633620283
2209,17.749756957122926
2210,28.48821088492267
2211,17.076851358150115
2212,31.568007587325766
2213,30.062493802850607
2214,12.169181408046809
2215,30.05722673619508
2216,21.21459207861826
2217,20.851447127313556
2218,16.520481359252813
2219,32.92318202132607
2220,23.321862990490594
2221,18.477230234093305
2222,24.69999601897094
2223,16.041360842817667
2224,15.742333498657587
2225,15.776085685322299
2226,26.731213840765935
2227,19.882887623837796
2228,23.55665694773745
2229,30.112368298861185
2230,23.440869749877287
2231,23.04901501315123
2232,16.7244776088543
2233,33.18429073318855
2234,16.04990760437125
2235,29.461009226439636
2236,26.066727054788494
2237,18.809227618432708
2238,24.15915112752156
2239,16.926069728838602
2240,30.666954912916374
2241,18.091510921546384
2242,30.250096680392176
2243,21.692429575183557
2244,16.955511023684014
2245,24.373002086670304
2246,13.443029789346832
2247,20.366349723194787
2248,23.93658986350638
2249,21.859187808212237
2250,17.907092124958886
2251,17.1337145552097
2252,17.742766524513417
2253,19.26357593574286
2254,22.904765760646512
2255,13.711011567499714
2256,45.948420786474
2257,17.699044011020636
2258,16.926196319601758
2259,23.015837463032494
2260,23.3770077172907
2261,26.332788564255402
2262,26.3827114448391
2263,23.813613910225232
2264,29.32033869920389
2265,33.217376932363834
2266,14.35095194676938
2267,19.261383422039813
2268,33.08453559364122
2269,15.972272353030096
2270,20.691132387879968
2271,19.5536643530361
2272,16.95332003684576
2273,17.105973524375425
2274,25.210788853649078
2275,20.57454197097106
2276,15.471143533011954
2277,26.333628647808133
2278,31.29651708115578
2279,17.05083820884721
2280,19.685417552239585
2281,33.25553212366138
2282,23.634504841905237
2283,49.936592093241444
2284,17.433535988474517
2285,24.701372349867803
2286,35.59628318581231
2287,11.904322325733279
2288,17.094976384306182
2289,15.206725454933203
2290,22.96886608010943
2291,13.944911996917659
2292,19.397410844037974
2293,30.117074409139803
2294,29.363908813678915
2295,31.695404027144722
2296,30.117099395261057
2297,16.17841091896855
2298,30.12403397361746
2299,30.1084081723224
2300,31.790865119233196
2301,30.109389838566972
2302,30.239033851639178
2303,21.526979462179334
2304,21.42255600892144
2305,20.88006652253849
2306,17.585799958718695
2307,17.9497549739511
2308,30.114986774280574
2309,43.38962277645723
2310,26.421320744231526
2311,31.916423131476257
2312,16.75294270481242
2313,13.795274550526354
2314,17.74318527742498
2315,23.96989805468673
2316,30.60890933886104
2317,30.058202502624564
2318,16.637027041122604
2319,25.799174911506
2320,16.172580004981054
2321,22.920679100126655
2322,18.854759375180716
2323,30.947954852284163
2324,15.738019511499498
2325,30.052969071830216
2326,30.10837102762169
2327,17.091098489936748
2328,24.197468781541637
2329,16.382364954677605
2330,33.23258339052079
2331,28.318731179073833
2332,15.124697383024147
2333,16.041568584058084
2334,23.792087996862566
2335,23.674965747815754
2336,21.74623988444062
2337,29.847288629194974
2338,16.7377488096184
2339,30.69159809834311
2340,23.014607478032957
2341,12.218593268672448
2342,30.071622252904724
2343,26.399878745345255
2344,17.074332045948356
2345,14.413584504270844
2346,17.97385240904439
2347,25.952823898427198
2348,18.2210698510573
2349,20.975149912371734
2350,18.68151822934952
2351,33.254942417265895
2352,15.336808367300216
2353,30.376758222291187
2354,32.47673509041553
2355,24.394382626026033
2356,32.87589616962116
2357,49.727116886138425
2358,15.10394086759003
2359,33.907537546175924
2360,18.57723129541553
2361,14.035688886728686
2362,30.129421212668586
2363,18.86010793945382
2364,24.885257620977757
2365,20.616611824696093
2366,38.891179423250634
2367,43.76376793498393
2368,11.851954402450026
2369,21.750125246682927
2370,30.11820259132429
2371,25.997625688935727
2372,32.54871392443871
2373,24.64253590192843
2374,22.880274159769503
2375,19.579225687967458
2376,17.571755255903895
2377,26.053952551511127
2378,15.389054414022155
2379,15.260815053436456
2380,17.96317621562126
2381,15.898438490506482
2382,29.17429022352166
2383,23.407036293787947
2384,28.71718001682492
2385,30.580916636362854
2386,15.870080709231985
2387,13.742643414923908
2388,20.775091191424476
2389,30.10848039654821
2390,30.256015870056096
2391,16.58983497638239
2392,19.3981671937005
2393,24.304994886648103
2394,21.92891155692206
2395,23.31683189289052
2396,29.934028836990528
2397,23.424299492878152
2398,30.073932880196708
2399,17.05234471795492
2400,26.081871452995397
2401,15.260581785943355
2402,16.59035663070898
2403,31.719611207010118
2404,22.95160901709758
2405,31.1233914727961
2406,30.026700721421697
2407,33.97265886612194
2408,23.027926078804505
2409,31.71909616371688
2410,30.062407871668235
2411,24.693473100601967
2412,43.433708345988094
2413,29.3765004160277
2414,30.103158736528393
2415,24.285148936948023
2416,15.501612268846252
2417,20.72523681900327
2418,24.49389592010465
2419,32.45457266290292
2420,24.624593990020525
2421,23.038214482292553
2422,8.176155777564391
2423,18.564532774538
2424,25.36366928793506
2425,23.300892590109083
2426,30.707911790100432
2427,25.25638026258292
2428,18.239911345592017
2429,16.82358146517585
2430,30.116475581216253
2431,15.200007395499199
2432,25.28151634265243
2433,16.92164474708807
2434,12.613403870817336
2435,14.363835495219703
2436,18.031364689423594
2437,15.947545990667821
2438,22.120435286237555
2439,22.737954694518216
2440,22.021568620630084
2441,30.12575180425156
2442,20.592877480524386
2443,24.304920018148827
2444,30.06237262207533
2445,15.363743107779783
2446,15.824081531321326
2447,16.592864557113426
2448,24.16055731089752
2449,19.040134964349242
2450,29.47951371799012
2451,26.52964758045556
2452,25.468984684872567
2453,29.191438863226562
2454,26.526926609108624
2455,14.501840944566261
2456,29.21006040262318
2457,18.672440929611092
2458,17.01739186017889
2459,16.728405361776787
2460,30.117102589821336
2461,26.96959597692681
2462,22.557177120929516
2463,20.04958405837812
2464,45.77694011889869
2465,16.559955550351884
2466,13.904314336560475
2467,25.17482380274457
2468,23.248179976047155
2469,26.48666028103045
2470,26.617178265662538
2471,19.08482421665409
2472,24.42440203000896
2473,17.58856268043129
2474,17.830279542654278
2475,43.46013379169895
2476,33.2541219994605
2477,26.56807507424233
2478,28.54891967460569
2479,16.042729554863513
2480,12.72941229244994
2481,20.27167855120102
2482,23.715724922668862
2483,23.546787507952537
2484,30.38115035665758
2485,25.25702039509119
2486,30.05521475184936
2487,14.123305879461626
2488,31.27069889445532
2489,15.37599925842538
2490,17.597802856672864
2491,32.909770366181114
2492,23.37341250632641
2493,24.931418876363203
2494,22.98030368623894
2495,23.783373232746815
2496,23.36519127057326
2497,26.76919134389334
2498,38.98450960158916
2499,64.36040275159795
2500,17.10744585872972
2501,26.23208496326943
2502,24.676963569364904
2503,22.04073860048064
2504,15.254960397174052
2505,19.21100832024123
2506,30.704746085619604
2507,25.936369948807354
2508,29.767396356792123
2509,20.45787391823605
2510,26.486797194322065
2511,29.296501926208943
2512,26.081092695872364
2513,17.553745407409632
2514,15.551335275251073
2515,15.353183075884019
2516,29.624955317366936
2517,23.191670278688452
2518,17.19627974403852
2519,17.03074456789069
2520,14.683334469428585
2521,29.367646232325605
2522,23.629770848995406
2523,23.07164980583125
2524,43.52263303152834
2525,15.323950540289106
2526,18.205200349189198
2527,25.665713166694854
2528,26.372456992909754
2529,30.076198132298426
2530,30.65786270270595
2531,26.388971438235075
2532,10.340300764201249
2533,29.076598497726184
2534,21.837072641265294
2535,21.930417740515573
2536,30.658680460013088
2537,20.835371675002353
2538,30.507671134978466
2539,24.343005000464988
2540,15.731347758566498
2541,43.56396102949006
2542,30.075354981536037
2543,31.778343781895227
2544,38.88791943268294
2545,26.33224023115988
2546,13.653885876577922
2547,30.07026926026115
2548,23.578620454470432
2549,27.11037390117068
2550,23.10420218913296
2551,33.24569792145344
2552,26.703241857594964
2553,32.99190816530835
2554,29.391616168325747
2555,23.319218782702315
2556,23.91943966939622
2557,22.89710472211679
2558,20.11096617900874
2559,10.98237338008271
2560,29.699757536814158
2561,43.4500610100884
2562,30.22472019371534
2563,18.418294829616496
2564,16.901094747367065
2565,17.3108471865958
2566,27.854925965422446
2567,17.554783008479713
2568,22.37266360955017
2569,26.54209554551044
2570,16.158036782578254
2571,22.586229570194504
2572,17.378465587519422
2573,30.38035435742029
2574,17.58545349208337
2575,17.313120869637743
2576,29.74846893701813
2577,24.188907323447303
2578,30.06454910495097
2579,18.143495903674143
2580,10.9339028101109
2581,18.600777246258637
2582,29.603934727929143
2583,26.48812068272912
2584,17.003245177393175
2585,18.0726303326527
2586,26.65845670421203
2587,23.18367403622131
2588,23.479967811130535
2589,27.3694783529766
2590,17.04206062260166
2591,20.033407549734072
2592,24.389661090886314
2593,8.083041936093263
2594,25.77417080547692
2595,24.67900131900598
2596,26.52723821943286
2597,31.866711076336156
2598,17.195659648033356
2599,22.68868644731908
2600,18.23198610359584
2601,16.350413366897758
2602,14.530112870684533
2603,30.377959729020287
2604,23.63427528085057
2605,25.70921732868874
2606,32.99193769463565
2607,21.661544439745867
2608,16.502846394983887
2609,27.361447746569166
2610,17.68933239234664
2611,24.96261096693414
2612,15.4300874305886
2613,31.364860107667337
2614,15.562012816022964
2615,25.892455690832705
2616,29.36965401460115
2617,35.93789193432611
2618,64.29160048313624
2619,17.413588307802456
2620,23.705405312399954
2621,28.903088711978647
2622,14.437127950113435
2623,16.61575005816307
2624,21.205993944929382
2625,29.805371690079735
2626,13.884371261246553
2627,30.10989679884669
2628,39.651302151390055
2629,30.657495328688384
2630,20.8078402461461
2631,16.740077506301144
2632,19.456312582373002
2633,15.619060079360597
2634,16.965341629302248
2635,29.75545465489224
2636,23.16147178379739
2637,24.80976347061764
2638,13.625536723952777
2639,64.04781346394613
2640,30.10695685794675
2641,17.30177453737684
2642,16.225569233865965
2643,15.502948801686532
2644,19.680634912926713
2645,24.469244003874937
2646,24.67599641862393
2647,29.400427825961795
2648,24.20935490243929
2649,28.78672447759898
2650,13.91566142166613
2651,14.233340523378722
2652,21.310022784797102
2653,25.230341016468987
2654,18.501621496001114
2655,15.229923218693868
2656,16.075281696656663
2657,25.937065315476055
2658,19.60374849112149
2659,17.214267992320107
2660,24.635489102944224
2661,23.642800576770483
2662,25.209662323343498
2663,23.010152138717846
2664,18.528247893022886
2665,27.888044939052786
2666,16.065234507883634
2667,26.203808630658976
2668,17.89493242160996
2669,17.94899740855194
2670,24.418860718173406
2671,30.057275602804317
2672,21.6355679064351
2673,17.630433224653146
2674,16.50834793598351
2675,24.113014831781335
2676,24.707776882049433
2677,29.61343671568245
2678,18.7608760402277
2679,29.19213906124022
2680,25.93661003948495
2681,29.340954080700516
2682,25.43146822997798
2683,33.2521083718204
2684,26.467652122201567
2685,30.123323565504393
2686,26.475878558893637
2687,34.87328261616744
2688,29.278443092806423
2689,17.903598432976253
2690,26.615668461472776
2691,14.11778151093549
2692,36.75832940933493
2693,15.624274874113675
2694,15.800488318783007
2695,30.06920852399246
2696,17.124827379332046
2697,15.887537733552875
2698,25.28110585085954
2699,16.829105747664265
2700,24.934018026744162
2701,15.58145115884119
2702,30.617899993472122
2703,19.178011455901945
2704,30.05491538277974
2705,26.04653634499166
2706,22.145952758528995
2707,15.570348535198423
2708,26.481437636970945
2709,25.49900634076376
2710,24.60732195854994
2711,19.996311266550386
2712,15.424532713138152
2713,18.104847246492344
2714,16.720226790519572
2715,16.036716489131383
2716,17.579505197226823
2717,43.08757225616941
2718,16.130478435197727
2719,15.342930652701002
2720,22.970313128243035
2721,43.09724168101272
2722,29.387418506384144
2723,36.89982606022196
2724,30.107862595878117
2725,16.428594467994337
2726,16.228364574444246
2727,17.55191483213507
2728,22.900732548356228
2729,25.93567218818195
2730,30.51096135328254
2731,20.779856404807177
2732,23.301217506188728
2733,30.660387775770168
2734,30.11732249727103
2735,24.507451393485297
2736,24.89655615968927
2737,10.935647887490845
2738,30.05766593939517
